{     
	"welcomeFile": "index.html",
	"routes": [
	{
      "path": "/webapp/resources",
      "target": {
        "type": "service",
        "name": "sapui5",
        "entryPath": "/resources"
      },
      "description": "SAPUI5 Resources"
    },
	{
	"path": "/resources",
	"target": {
		"type": "service",
		"name": "sapui5",        
		"entryPath": "/resources"
		},
	"description": "SAPUI5 Resources"
	},
	{
	"path": "/test-resources",
	"target": {
		"type": "service",
		"name": "sapui5",
		"entryPath": "/test-resources"
		},
	"description": "SAPUI5 Test Resources"
	},
    {
      "path": "/platformx_v1/protected/platformx.svc/",
      "target": {
        "type": "destination",
        "name": "platformxodatasecure"
      },
      "description": "platformx odata service secure area"
    }
	]
}